{"file_hashes":[{"block_hashes":["Mh5MFkr5a8QmCzgELN9/8SQvPCj+ZCBtzBTtyUuJiGg=","v++l0zVCXyqtFWHFA/XeuLcZFUiWe61oIcdBIk47fGc=","tBIBtFN4Zje17odIHmWGfH4fMP902UvMVNCBWAaz9aI=","aCio9wZs3rnESbxgTDr9qv/9ogPo6Ze28eCzQZmUt70=","akgxfB+ZY8hRvYWDnbE5hJ4FlcQFMGlEH2jN9j3yEsA=","PyWo7RGK5frNkUmQLHoWa71dkNr8+cQ/V+09b/bTK40=","Og5YfzEdxiB/4oFBE7GpE7bBPJ1HeKslZbzD3wlCAzE=","eMXuBmEO8LkLWyhNOMJpH3tHXxRnQgod6fnOAF3xEOM=","EHv984q5E7STEKTH0++6P2sm7pf0GKMAq9m2iFeLFJU=","O/PHHT2LshxQMdj27RCuPcr59j/yBQOo/rpLfdwqxgE=","U3sbumPGc6NXz9fJjLFcvOd2Hb5x9BCH31uqaiABLYQ=","EAn73E2wljdKUpIOQvdZKQ5SGAXKjtvW3AKcn5ABpnA=","Gup/01Rw5t7gKgImNAYJ9ML5KdeBlWsP0l47V7Srgy0=","mjCcJZ6cK+cKouV3Qg2tAeDpcWkOKF3SkXOZlZSpAo8=","Jv3fxC6CKhmrnMJXz+ko3StEHTNQ7E4rGY66fXylWn0=","s/EXgNLd4HprToz0mddTeGzxHNHuYfudX/SoyTfnYb0=","c6ZmpPaV2hlk1+blEac8zspGCs5JIOUgyqDLEka0vCA=","yT8duxbPAiMzWms6BnU7RSLZNdEACf9og2ey73S1Zc8=","Rf0b+/nW1eTXs668FQd8k6rtnTkP77qC3EaV8The78M=","xKzlONWFvai5Dvo4VOsc4EZygp4pQFJX7Aquyz2waSE=","DUDJlNI0VbXZhWa3zJMnaDqwRPSREUkI5kNNEPiLfSc=","rdKfIiJwjSA1mHg4YLszemHlgljSJ+YiADpvkLdrgE0=","nEMSKxtcY211g3e76tsXcr3FVuDYgtbN68VWlg0M3UM=","zKy53+qCvzrmHmnxacZS4R71l4nWUWqe5PbWAkyJcOU=","KtymdtYR8JGoOOYtuOETizEqabz+/EKF1WUgx9OYqDY=","BXs+tnlHyuPImjUpCaWbm5queIdnTKCpmB0xSvx0b78=","mcdG47pCDBtGLi0iUqc8Xbcq0PVRMz7iVBl7UJRPTQE=","gftBb7Ipoowwldp1+ZE/Yj9c2wgOy67H1Wx1yeSrc7Y=","lFb2R1MsFGC2xh97m86y3KpRROYodqpaYhAmayCHsOA=","0JCT2NY/3etiyU3XvuLdsJn4pB8m8srn5bvCJ54BNMQ=","aYbr+PO7xeZHJgxFojI2q95ASrOnxTC2N8ZUyu+VbM4=","e8ziWDaB1hQwZEAW9lamyaV+3Ui5cYFHS9wZuVuvyG0=","zhEoIc9OvfM6zATqEC4x5z4SYCkNXiv0DT/3yMX1858=","u8Sq5J1kX/zzxSrnvvMvfoL20vgksaIsrmbFxEaxI0s=","y47pJ6pQ+A9Bl+ck9QzB6/l3ll18TVKUfewt379no+4=","DLAXNYDbeY21Y6YR46bleXifYhsxxJ6QpNO+BAFSbdc=","X+h8RW+G7DfU/SIDaQQ/YJ3RZEeD55/eG5kycmS8eKo=","CX7KwhgYMOo12NULkoiFYWJeL9xXsUlQYO0ZLJcaaFc=","ztYJL/Egq2YBisQ5GcFnZMy45QWNlzxVHj/RfYCfXOY="],"block_size":4096,"path":"canary.css"},{"block_hashes":["LRC9TTw7INwNuAAhS6nf+Xwk6hwj5w87F2/oayyNb/Q="],"block_size":4096,"path":"devtools.html"},{"block_hashes":["/fgAQ/4tD9ns8Iwt93FAlFqx4MJTga2dlQ5wqnV1dss="],"block_size":4096,"path":"devtools.js"},{"block_hashes":["g2DNzh5qUuvqd5FL4S4CjJW1m/TI/SuVQgq+LP836uI=","+XTOrvnYJYsEPyx3bLER+T3VwU+zeW1rWMJ3z3UB73M=","4BchwYay8idNgBelKFIIxhtkDnDQ5jdFqxDLSj0drE8="],"block_size":4096,"path":"images/icon96.png"},{"block_hashes":["Mh5MFkr5a8QmCzgELN9/8SQvPCj+ZCBtzBTtyUuJiGg=","v++l0zVCXyqtFWHFA/XeuLcZFUiWe61oIcdBIk47fGc=","tBIBtFN4Zje17odIHmWGfH4fMP902UvMVNCBWAaz9aI=","aCio9wZs3rnESbxgTDr9qv/9ogPo6Ze28eCzQZmUt70=","akgxfB+ZY8hRvYWDnbE5hJ4FlcQFMGlEH2jN9j3yEsA=","PyWo7RGK5frNkUmQLHoWa71dkNr8+cQ/V+09b/bTK40=","Og5YfzEdxiB/4oFBE7GpE7bBPJ1HeKslZbzD3wlCAzE=","eMXuBmEO8LkLWyhNOMJpH3tHXxRnQgod6fnOAF3xEOM=","EHv984q5E7STEKTH0++6P2sm7pf0GKMAq9m2iFeLFJU=","O/PHHT2LshxQMdj27RCuPcr59j/yBQOo/rpLfdwqxgE=","U3sbumPGc6NXz9fJjLFcvOd2Hb5x9BCH31uqaiABLYQ=","EAn73E2wljdKUpIOQvdZKQ5SGAXKjtvW3AKcn5ABpnA=","Gup/01Rw5t7gKgImNAYJ9ML5KdeBlWsP0l47V7Srgy0=","mjCcJZ6cK+cKouV3Qg2tAeDpcWkOKF3SkXOZlZSpAo8=","Jv3fxC6CKhmrnMJXz+ko3StEHTNQ7E4rGY66fXylWn0=","s/EXgNLd4HprToz0mddTeGzxHNHuYfudX/SoyTfnYb0=","c6ZmpPaV2hlk1+blEac8zspGCs5JIOUgyqDLEka0vCA=","yT8duxbPAiMzWms6BnU7RSLZNdEACf9og2ey73S1Zc8=","Rf0b+/nW1eTXs668FQd8k6rtnTkP77qC3EaV8The78M=","xKzlONWFvai5Dvo4VOsc4EZygp4pQFJX7Aquyz2waSE=","DUDJlNI0VbXZhWa3zJMnaDqwRPSREUkI5kNNEPiLfSc=","rdKfIiJwjSA1mHg4YLszemHlgljSJ+YiADpvkLdrgE0=","nEMSKxtcY211g3e76tsXcr3FVuDYgtbN68VWlg0M3UM=","zKy53+qCvzrmHmnxacZS4R71l4nWUWqe5PbWAkyJcOU=","KtymdtYR8JGoOOYtuOETizEqabz+/EKF1WUgx9OYqDY=","BXs+tnlHyuPImjUpCaWbm5queIdnTKCpmB0xSvx0b78=","mcdG47pCDBtGLi0iUqc8Xbcq0PVRMz7iVBl7UJRPTQE=","gftBb7Ipoowwldp1+ZE/Yj9c2wgOy67H1Wx1yeSrc7Y=","lFb2R1MsFGC2xh97m86y3KpRROYodqpaYhAmayCHsOA=","0JCT2NY/3etiyU3XvuLdsJn4pB8m8srn5bvCJ54BNMQ=","aYbr+PO7xeZHJgxFojI2q95ASrOnxTC2N8ZUyu+VbM4=","e8ziWDaB1hQwZEAW9lamyaV+3Ui5cYFHS9wZuVuvyG0=","zhEoIc9OvfM6zATqEC4x5z4SYCkNXiv0DT/3yMX1858=","u8Sq5J1kX/zzxSrnvvMvfoL20vgksaIsrmbFxEaxI0s=","y47pJ6pQ+A9Bl+ck9QzB6/l3ll18TVKUfewt379no+4=","DLAXNYDbeY21Y6YR46bleXifYhsxxJ6QpNO+BAFSbdc=","X+h8RW+G7DfU/SIDaQQ/YJ3RZEeD55/eG5kycmS8eKo=","CX7KwhgYMOo12NULkoiFYWJeL9xXsUlQYO0ZLJcaaFc=","BPoeiJzhFKU7RiopPLBNd8X/RKxX49Swaf3vtrSDBWg="],"block_size":4096,"path":"stable.css"}],"version":2}